UCF0pVplsI8R5kcAqgtoRqoA,Popular on YouTube,29799623,0,0,530,187,4EVOO_wuUkM,1933,Novak Djokovic v Rafael Nadal match highlights (Final) | Australian Open 2019,272315
UCF0pVplsI8R5kcAqgtoRqoA,Popular on YouTube,29799623,0,0,205,33,KZZyR3Hm3F0,1142,Naomi Osaka v Petra Kvitova match highlights (F) | Australian Open 2019,184353
UCF0pVplsI8R5kcAqgtoRqoA,Popular on YouTube,29799623,0,0,11654,13320,OfdCigQdkjs,172775,"Dhoni, India seal tense ODI series win | Third Gillette ODI",21643388
UCF0pVplsI8R5kcAqgtoRqoA,Popular on YouTube,29799623,0,0,12,0,NX1jBmNi7wg,70,Mitch Creek | From Horsham to Brooklyn,2888
UCKy1dAqELo0zrOtPkf0eTMw,IGN,11748117,131830,8750572740,2289,3830,IXgb58TmXRc,1519,Captain Marvel’s Box Office Success Defies Trolls,35200
UCKy1dAqELo0zrOtPkf0eTMw,IGN,11748117,131830,8750572740,227,240,tHuimdunRKg,522,What Would a Bloodborne Battle Royale Game Even Be Like - IGN Now,21027
UCKy1dAqELo0zrOtPkf0eTMw,IGN,11748117,131830,8750572740,203,34,a2vFMm6tduM,701,You Can Now Stream Your PS4 Games to iOS Devices - IGN Now,26981
UCKy1dAqELo0zrOtPkf0eTMw,IGN,11748117,131830,8750572740,442,142,xhLpn2vEoOE,1245,What is Turok and Why Are People Talking About It? - IGN Now,47598
UCKy1dAqELo0zrOtPkf0eTMw,IGN,11748117,131830,8750572740,675,87,UHrM-oNPrF0,692,That Disc-less Xbox May Be Coming Sooner than We Thought - IGN Now,18596
UCKy1dAqELo0zrOtPkf0eTMw,IGN,11748117,131830,8750572740,233,36,54hOMUcYXZw,858,"Fallout New Vegas, KOTOR 2 Writer Penning Star Wars Jedi: Fallen Order - IGN Now",27995
UCKy1dAqELo0zrOtPkf0eTMw,IGN,11748117,131830,8750572740,527,96,zKMiSBiXrcQ,1315,So Borderlands 3 Is Probably Being Announced Real Soon - IGN Now,53850
UCKy1dAqELo0zrOtPkf0eTMw,IGN,11748117,131830,8750572740,679,93,v8vUqpilPJ8,1589,Overkill's The Walking Dead Console Versions Canceled - IGN Now,74130
UCKy1dAqELo0zrOtPkf0eTMw,IGN,11748117,131830,8750572740,395,42,oC_CAIIImEE,1035,"Activision, EA CEOs Found to Be Among Most Overpaid in US - IGN Now",29472
UCKy1dAqELo0zrOtPkf0eTMw,IGN,11748117,131830,8750572740,270,72,_zcV3go4b7c,1906,Remembering Reggie's Best-Ass Moments - IGN Now,42078
UCKy1dAqELo0zrOtPkf0eTMw,IGN,11748117,131830,8750572740,921,506,Wafu9S8Mjas,3182,Alien: Isolation Digital Series - Episode 1,189941
UCKy1dAqELo0zrOtPkf0eTMw,IGN,11748117,131830,8750572740,166,105,FEg7YizUCUs,988,Alien: Isolation Digital Series - Episode 2,59157
UCKy1dAqELo0zrOtPkf0eTMw,IGN,11748117,131830,8750572740,130,83,n_zwEUF7cY8,779,Alien: Isolation Digital Series - Episode 3,45729
UCKy1dAqELo0zrOtPkf0eTMw,IGN,11748117,131830,8750572740,63,64,wScmgQl3284,719,Alien: Isolation Digital Series - Episode 4,42795
UCKy1dAqELo0zrOtPkf0eTMw,IGN,11748117,131830,8750572740,54,71,UNkPT3d8B5A,575,Alien: Isolation Digital Series - Episode 5,32866
UCKy1dAqELo0zrOtPkf0eTMw,IGN,11748117,131830,8750572740,45,50,1kFDbMhk_-w,561,Alien: Isolation Digital Series - Episode 6,31571
UCKy1dAqELo0zrOtPkf0eTMw,IGN,11748117,131830,8750572740,214,85,IZPCn81bdLE,954,Alien: Isolation Digital Series - Episode 7,36996
UCKy1dAqELo0zrOtPkf0eTMw,IGN,11748117,131830,8750572740,389,226,3boj1a-cSMw,1073,DICE Awards 2019 - IGN Live,51091
UCKy1dAqELo0zrOtPkf0eTMw,IGN,11748117,131830,8750572740,96,200,Oz7atowP6bY,954,"DICE Summit 2019 (Sony, Ubisoft, Amy Hennig & Insomniac Keynotes) - IGN Live",57354
UCKy1dAqELo0zrOtPkf0eTMw,IGN,11748117,131830,8750572740,522,94,3rPBUORHtV8,1199,God of War Wins Game of the Year at the DICE Awards 2019,29067
UCKy1dAqELo0zrOtPkf0eTMw,IGN,11748117,131830,8750572740,1001,150,3UcDrhWixoc,1362,How Bonnie Ross Is Shaping the Future of Halo - IGN Unfiltered #39,33648
UCKy1dAqELo0zrOtPkf0eTMw,IGN,11748117,131830,8750572740,177,103,uT6pz3-U7Ew,343,Halo Boss Bonnie Ross Joins the AIAS Hall of Fame - DICE Awards 2019,8128
UCKy1dAqELo0zrOtPkf0eTMw,IGN,11748117,131830,8750572740,19,24,Tzz4VftkQXs,191,DICE Awards 2019 Opening Sizzle Reel Shows Off 2018’s Biggest Games,9350
UCKy1dAqELo0zrOtPkf0eTMw,IGN,11748117,131830,8750572740,377,68,TLXWUgUVHc0,1220,God of War’s Kratos Wins Best Character - DICE Awards 2019,23830
UCKy1dAqELo0zrOtPkf0eTMw,IGN,11748117,131830,8750572740,391,999,p7Z9REpg4Lg,303,Fortnite Wins Best Online Game of the Year - DICE Awards 2019,10582
UCKy1dAqELo0zrOtPkf0eTMw,IGN,11748117,131830,8750572740,145,19,vc_RI960q88,448,Borderlands Developer Was Considered for Halo 4 - IGN Unfiltered,13504
UCKy1dAqELo0zrOtPkf0eTMw,IGN,11748117,131830,8750572740,151,9,cC8BVR82V1M,421,Halo 4 Originally Pitched As Xbox One Launch Title - IGN Unfiltered,15376
UCKy1dAqELo0zrOtPkf0eTMw,IGN,11748117,131830,8750572740,825,157,D8cBDeq6YZE,4775,The Legend of Zelda: Link's Awakening Remake Reveal Trailer - Nintendo Direct,136906
UCKy1dAqELo0zrOtPkf0eTMw,IGN,11748117,131830,8750572740,423,59,chZWC4I5M4M,2184,Super Mario Maker 2 Reveal Trailer - Nintendo Direct,70567
UCKy1dAqELo0zrOtPkf0eTMw,IGN,11748117,131830,8750572740,360,132,svxWp1FK0DU,1037,Marvel Ultimate Alliance 3: The Black Order Captain Marvel Trailer - Nintendo Direct,54684
UCKy1dAqELo0zrOtPkf0eTMw,IGN,11748117,131830,8750572740,287,17,GSDP5Eiw0_Y,1102,Astral Chain Reveal Trailer From PlatinumGames - Nintendo Direct,29934
UCKy1dAqELo0zrOtPkf0eTMw,IGN,11748117,131830,8750572740,274,28,qUcXjUCRuqA,711,Hellblade: Senua's Sacrifice - Switch Reveal Trailer - Nintendo Direct,37111
UCKy1dAqELo0zrOtPkf0eTMw,IGN,11748117,131830,8750572740,248,82,40gqFTWgKVc,1031,"Super Smash Bros. Ultimate 3.0 Update - Joker, New Amiibo - Nintendo Direct",61028
UCKy1dAqELo0zrOtPkf0eTMw,IGN,11748117,131830,8750572740,218,23,l3LT0JBMqHs,896,Fire Emblem Three Houses: Gameplay & Story Trailer - Nintendo Direct,31477
UCKy1dAqELo0zrOtPkf0eTMw,IGN,11748117,131830,8750572740,85,20,U6t2K0yde9w,897,Deltarune Trailer - Nintendo Direct,24399
UCKy1dAqELo0zrOtPkf0eTMw,IGN,11748117,131830,8750572740,279,83,JpzEOngrotI,624,Dead by Daylight Switch Reveal Trailer - Nintendo Direct,27228
UCKy1dAqELo0zrOtPkf0eTMw,IGN,11748117,131830,8750572740,277,20,Lar5kETavpI,494,Dragon Quest 11 S: Echoes of an Elusive Age Trailer - Nintendo Direct,20764
UCKy1dAqELo0zrOtPkf0eTMw,IGN,11748117,131830,8750572740,208,65,JmnINoRepqE,169,Forza Horizon E3 Trailer - IGN Rewind Theater,17662
UCKy1dAqELo0zrOtPkf0eTMw,IGN,11748117,131830,8750572740,255,52,0Uwd2sgFJpQ,407,Assassin's Creed Liberation Trailer Analyzed - IGN Rewind Theater,42182
UCKy1dAqELo0zrOtPkf0eTMw,IGN,11748117,131830,8750572740,286,42,xNVds5o1Zz0,683,IGN Rewind Theater - IGN Rewind Theater: Assassin's Creed 2 Second Trailer,151736
UCKy1dAqELo0zrOtPkf0eTMw,IGN,11748117,131830,8750572740,404,41,FUZiqyQBj4c,783,IGN Rewind Theater - Predators Trailer - IGN Rewind Theater,379761
UCKy1dAqELo0zrOtPkf0eTMw,IGN,11748117,131830,8750572740,455,65,h-z1VUq7Mc8,578,IGN Rewind Theater - The Dark Knight Rises Trailer Analysis,78742
UCKy1dAqELo0zrOtPkf0eTMw,IGN,11748117,131830,8750572740,543,250,aWKyFM5RTkA,399,IGN Rewind Theater - The Hobbit Trailer Analysis,69741
UCKy1dAqELo0zrOtPkf0eTMw,IGN,11748117,131830,8750572740,782,74,63MKd5dqRoo,722,IGN Rewind Theater - Prometheus Trailer Analysis,176046
UCKy1dAqELo0zrOtPkf0eTMw,IGN,11748117,131830,8750572740,1167,33,Lmg07jItvFg,1162,IGN Rewind Theater - Resident Evil 6 Debut Trailer Analysis,178237
UCKy1dAqELo0zrOtPkf0eTMw,IGN,11748117,131830,8750572740,473,163,2VVBDJepQ7U,424,Resident Evil: Retribution 3D - Trailer Analysis,131693
UCKy1dAqELo0zrOtPkf0eTMw,IGN,11748117,131830,8750572740,337,15,yZaIx2s_mXQ,583,IGN Rewind Theater - Avengers Super Bowl Trailer Analysis,53036
UCKy1dAqELo0zrOtPkf0eTMw,IGN,11748117,131830,8750572740,470,71,0O_ldTkRYd4,1477,IGN Reviews - The Wolverine - Review,109126
UCKy1dAqELo0zrOtPkf0eTMw,IGN,11748117,131830,8750572740,787,528,gYnMXcH6hnI,961,IGN Reviews - Gears of War 3: RAAM's Shadow - DLC Review,130437
UCKy1dAqELo0zrOtPkf0eTMw,IGN,11748117,131830,8750572740,279,26,ifvzhcOeh20,472,Quantum Conundrum Review - IGN Video Review,55586
UCKy1dAqELo0zrOtPkf0eTMw,IGN,11748117,131830,8750572740,446,179,XBz_YRfM37o,1033,IGN Reviews - Trenched - Game Review,140276
UCKy1dAqELo0zrOtPkf0eTMw,IGN,11748117,131830,8750572740,1828,2808,N7zCG8TayGY,485,Dynasty Warriors Gundam 3 Game Review,120883
UCKy1dAqELo0zrOtPkf0eTMw,IGN,11748118,131830,8750572740,265,50,JYxV51Se1D4,371,IGN Reviews - Eightarc Arcade Sticks Review,51364
UCKy1dAqELo0zrOtPkf0eTMw,IGN,11748118,131830,8750572740,22992,19072,SgLgytuJhXk,8993,IGN Reviews - Modern Warfare 3 Game Review,1400171
UCKy1dAqELo0zrOtPkf0eTMw,IGN,11748118,131830,8750572740,2975,228,lvi9ZpuPdvA,4561,IGN Reviews - Metal Gear Solid: HD Review,631750
UCKy1dAqELo0zrOtPkf0eTMw,IGN,11748116,131830,8750572740,2130,116,g1gpyeh6kOc,2662,IGN Reviews - Rayman Origins Video Review,415987
UCKy1dAqELo0zrOtPkf0eTMw,IGN,11748116,131830,8750572740,23047,1319,bH1GUi8rNQk,23061,IGN Reviews - Elder Scrolls V: Skyrim Game Review,3829486
UCKy1dAqELo0zrOtPkf0eTMw,IGN,11748116,131830,8750572740,470,71,0O_ldTkRYd4,1477,IGN Reviews - The Wolverine - Review,109126
UCKy1dAqELo0zrOtPkf0eTMw,IGN,11748116,131830,8750572740,692,438,NsCAw45fafc,1412,IGN Reviews - DuckTales: Remastered Review,159033
UCKy1dAqELo0zrOtPkf0eTMw,IGN,11748116,131830,8750572740,2870,542,t44khNV1b5M,7527,IGN Reviews - Dark Souls 2,1083296
UCKy1dAqELo0zrOtPkf0eTMw,IGN,11748116,131830,8750572740,22,10,l55o_pb_O-0,314,IGN Reviews - Muppets Most Wanted - Review,24435
UCKy1dAqELo0zrOtPkf0eTMw,IGN,11748116,131830,8750572740,359,431,IbSuvtKz3yc,763,IGN Reviews - Need for Speed - Movie Review,70386
UCKy1dAqELo0zrOtPkf0eTMw,IGN,11748116,131830,8750572740,261,57,HaZH57Q9B18,1274,IGN Reviews - Hearthstone - Review,124876
UCKy1dAqELo0zrOtPkf0eTMw,IGN,11748116,131830,8750572740,2502,885,h_En0TtzhEE,5405,IGN Reviews - Metal Gear Solid V: Ground Zeroes - Review,766024
UCKy1dAqELo0zrOtPkf0eTMw,IGN,11748116,131830,8750572740,383,226,Mpj_q4C0smo,1264,IGN Reviews - Yaiba: Ninja Gaiden Z - Review,185191
UCKy1dAqELo0zrOtPkf0eTMw,IGN,11748116,131830,8750572740,2847,643,gACPlAiFlRo,12082,Infamous: Second Son Review,1250845
UCKy1dAqELo0zrOtPkf0eTMw,IGN,11748116,131830,8750572740,812,107,EhK7-uGrXSE,2564,Captain America: The Winter Soldier - Review,206897
UCKy1dAqELo0zrOtPkf0eTMw,IGN,11748116,131830,8750572740,853,267,ZMzMJDXFlYY,1813,Black Ops 2 Revolution DLC Details & PlayStation 2 Ceases Production! - IGN Daily Fix 01.02.13,130432
UCKy1dAqELo0zrOtPkf0eTMw,IGN,11748116,131830,8750572740,271,58,0ypwsvmlymY,1278,"The Future of Guild Wars 2, Disney Infinity, AND BEYOND! - IGN Daily Fix 01.15.13",57009
UCKy1dAqELo0zrOtPkf0eTMw,IGN,11748116,131830,8750572740,199,51,5UsdCTyYR6I,1148,"MK's Scorpion joins Injustice, Plants vs. Zombies 2 & Deus Ex: The Fall - IGN Daily Fix 06.03.13",37528
UCKy1dAqELo0zrOtPkf0eTMw,IGN,11748116,131830,8750572740,405,56,5gl16Kv4RSU,1434,Fable Gets a Remake & New Halo For Windows 8! - IGN Daily Fix 06.04.13,50517
UCKy1dAqELo0zrOtPkf0eTMw,IGN,11748116,131830,8750572740,124,56,BhH7yMA8u_E,571,Telltale's Walking Dead Tease & Deus Ex: The Fall Details - IGN Daily Fix 06.05.13,22871
UCKy1dAqELo0zrOtPkf0eTMw,IGN,11748116,131830,8750572740,527,118,ClmQYD_ShIs,1477,"Xbox One Controller Detailed, Titanfall Leaked & New Diablo 3! - IGN Daily Fix 06.06.13",53838
UCKy1dAqELo0zrOtPkf0eTMw,IGN,11748116,131830,8750572740,1018,255,5cA2f6zZ84g,1520,Xbox One Price/Release Info & EA + Ubisoft Conference Round Up! - IGN Daily Fix 06.10.13,57455
UCKy1dAqELo0zrOtPkf0eTMw,IGN,11748116,131830,8750572740,3178,161,ICZPbsgycZc,3916,Updates from the Sony Press Conference! -  IGN Daily Fix 06.10.13 PART 2!!!,121716
UCKy1dAqELo0zrOtPkf0eTMw,IGN,11748116,131830,8750572740,505,20,tGuRapizuoM,1269,"Wii U Smash Bros., Super Mario 3D World & Apple Reveals iOS7! - IGN Daily Fix 06.11.13",46747
UCKy1dAqELo0zrOtPkf0eTMw,IGN,11748116,131830,8750572740,1316,34,Q3VrSwt3sRM,1535,"Microsoft on Offline Play, PS4's Updates & Ouya Shut Down by Police - IGN Daily Fix 06.12.13",58915
UCKy1dAqELo0zrOtPkf0eTMw,IGN,11748116,131830,8750572740,9225,3319,Uh9YkZvEQlw,21197,Ranking Every Legend in Apex Legends,1272730
UCKy1dAqELo0zrOtPkf0eTMw,IGN,11748116,131830,8750572740,1136,342,WhWGuVPubiE,5903,The Best Weapons in Apex Legends,280989
UCKy1dAqELo0zrOtPkf0eTMw,IGN,11748116,131830,8750572740,415,164,xlW_sVtUPNA,1195,Apex Legends: 6 Things We Love About It (And 5 Things We Don't),50916
UCKy1dAqELo0zrOtPkf0eTMw,IGN,11748116,131830,8750572740,2160,620,grJ1rKkLiZA,10504,Apex Legends Review,528979
UCKy1dAqELo0zrOtPkf0eTMw,IGN,11748116,131830,8750572740,311,322,06W2ZAZ16iE,1050,What $100 Gets You In Apex Legends,55525
UCKy1dAqELo0zrOtPkf0eTMw,IGN,11748116,131830,8750572740,214,116,priUbZdFkMk,1213,Apex Legends Gets A New Weapon & Free Apex Packs - IGN Daily Fix,55252
UCKy1dAqELo0zrOtPkf0eTMw,IGN,11748116,131830,8750572740,46,39,ICwoRKzrfaM,338,Apex Legends: Executions Only Challenge - Hot Keys,24172
UCKy1dAqELo0zrOtPkf0eTMw,IGN,11748116,131830,8750572740,685,126,Px1sWn3qDCc,2156,Why There Are No Titans in Apex Legends,78703
UCKy1dAqELo0zrOtPkf0eTMw,IGN,11748116,131830,8750572740,407,53,FHOCGu-TXI0,662,Will Apex Legends' Success Force Call of Duty's Blackout to Go Free-to-Play,29477
UCKy1dAqELo0zrOtPkf0eTMw,IGN,11748116,131830,8750572740,346,70,CtwImFyepmY,1598,Apex Legends Champion Gameplay,89935
UCKy1dAqELo0zrOtPkf0eTMw,IGN,11748117,131830,8750572740,247,27,8-J8c4CTPO8,494,"IGN_Strategize - From Dust - ""Raging Earth"" Guide",50662
UCKy1dAqELo0zrOtPkf0eTMw,IGN,11748117,131830,8750572740,222,21,D-Q9ejG2OeM,286,IGN_Strategize - From Dust - Movements Level Guide,32138
UCKy1dAqELo0zrOtPkf0eTMw,IGN,11748117,131830,8750572740,193,17,ernQZBWy8vk,332,IGN_Strategize - Toy Soldiers: Cold War - Tips & Tricks,39974
UCKy1dAqELo0zrOtPkf0eTMw,IGN,11748117,131830,8750572740,153,26,hlz_PV5_GB0,327,IGN_Strategize: Deus Ex: Human Revolution,41246
UCKy1dAqELo0zrOtPkf0eTMw,IGN,11748117,131830,8750572740,165,29,loVeRTPI4E4,411,IGN_Strategize - IGN_Strategize: Deus Ex: Praxis Kit Locations,58671
UCKy1dAqELo0zrOtPkf0eTMw,IGN,11748117,131830,8750572740,213,40,miAb2R_io18,626,IGN_Strategize - Dead Island Character Guide,91799
UCKy1dAqELo0zrOtPkf0eTMw,IGN,11748117,131830,8750572740,217,39,wI6KXOBrQdg,557,IGN_Strategize - Gears of War 3 Weapons / Unlocks Guide,97132
UCKy1dAqELo0zrOtPkf0eTMw,IGN,11748117,131830,8750572740,674,61,_BMCukCSNoQ,846,Battlefield 3: IGN Beta Guide,102880
UCKy1dAqELo0zrOtPkf0eTMw,IGN,11748117,131830,8750572740,216,127,InN_LMza1Is,581,Easiest Battlefield 3 Achievements & Trophies,61393
UCKy1dAqELo0zrOtPkf0eTMw,IGN,11748117,131830,8750572740,323,19,XpqEBAZQKug,653,Arkham City: Nightwing's Best Moves [IGN_Strategize],87508
UC8-Th83bH_thdKZDJCrn88g,The Tonight Show Starring Jimmy Fallon,20252425,5068,10846858270,421,336,oo3RmWcL94o,7754,Jimmy Runs Into an Unhappy Ben Stiller and Tina Fey Backstage at The Tonight Show,721356
UC8-Th83bH_thdKZDJCrn88g,The Tonight Show Starring Jimmy Fallon,20252425,5068,10846858270,220,113,kuy4SNt_5vQ,3510,Jimmy's Fifth Anniversary Monologue Goes Off the Rails,319440
UC8-Th83bH_thdKZDJCrn88g,The Tonight Show Starring Jimmy Fallon,20252425,5068,10846858270,375,206,Auv-cuCsTxM,5857,"Ben Stiller ""Surprises"" Jimmy by Dressing Up as Hashtag for Tonight Show's Fifth Anniversary",493776
UC8-Th83bH_thdKZDJCrn88g,The Tonight Show Starring Jimmy Fallon,20252425,5068,10846858270,556,384,pg_w5-Quqys,9677,"Tina Fey Is Mad at Jimmy Fallon: ""He Knows What He Did""",964858
UC8-Th83bH_thdKZDJCrn88g,The Tonight Show Starring Jimmy Fallon,20252425,5068,10846858270,7809,4459,UWelcIFAPxE,77091,Jimmy Loses It with Robert Irwin on a Hot Mic Before Animals Segment,5048557
UC8-Th83bH_thdKZDJCrn88g,The Tonight Show Starring Jimmy Fallon,20252425,5068,10846858270,73,42,boXV6TewKgU,1496,Florida Georgia Line Tries to Persuade Jimmy to Give Them a Couch Interview,119354
UC8-Th83bH_thdKZDJCrn88g,The Tonight Show Starring Jimmy Fallon,20252425,5068,10846858270,101,147,beRnnjrh1Uc,2705,The Tonight Show Writers Prank Jimmy with a Telemundo Promo,209294
UC8-Th83bH_thdKZDJCrn88g,The Tonight Show Starring Jimmy Fallon,20252425,5068,10846858270,218,194,-wGKK-kbCBI,2419,Robert De Niro Storms Off Set Mid-Promo Shoot After Spotting Cockroaches,224974
UC8-Th83bH_thdKZDJCrn88g,The Tonight Show Starring Jimmy Fallon,20252425,5068,10846858270,56,64,y4Q58qyfg-c,1000,"News & Improved: Harry, Hermione and Ron - Where Are They Now?",45878
UC8-Th83bH_thdKZDJCrn88g,The Tonight Show Starring Jimmy Fallon,20252425,5068,10846858270,21,44,-AL6vZ5I_No,575,News & Improved: Local Dad Demands to Know Who Turned Up the Thermostat,33725
UC8-Th83bH_thdKZDJCrn88g,The Tonight Show Starring Jimmy Fallon,20252425,5068,10846858270,10,7,bdx3_tqyoMk,158,"News & Improved: ""Fun Aunt"" Bringing Mimosas to Nephew's Soccer Game",12915
UC8-Th83bH_thdKZDJCrn88g,The Tonight Show Starring Jimmy Fallon,20252425,5068,10846858270,60,59,ddcDHIQKfw4,971,"News & Improved: Taco Bell's Newest Burrito Is ""Lit A-F""",55162
UC8-Th83bH_thdKZDJCrn88g,The Tonight Show Starring Jimmy Fallon,20252425,5068,10846858270,4,12,WpA0aq2n1ps,191,News & Improved: Woman on Safari Can't Believe How Close Animals Got,15952
UC8-Th83bH_thdKZDJCrn88g,The Tonight Show Starring Jimmy Fallon,20252425,5068,10846858270,4,8,soPmH21m5Gc,283,News & Improved: Local Toddler Refuses to Eat Brussels Sprouts,22385
UC8-Th83bH_thdKZDJCrn88g,The Tonight Show Starring Jimmy Fallon,20252425,5068,10846858270,5,6,jMw3JYclxPQ,206,News & Improved: Friend Clearly Did Not Read This Month's Book Club Pick,17355
UC8-Th83bH_thdKZDJCrn88g,The Tonight Show Starring Jimmy Fallon,20252425,5068,10846858270,7,4,V4a3Y8J8TQE,204,"News & Improved: Grandpa Nails ""Bodak Yellow"" at Karaoke",14912
UC8-Th83bH_thdKZDJCrn88g,The Tonight Show Starring Jimmy Fallon,20252425,5068,10846858270,12,6,YiBRxgEsVeQ,215,News & Improved: Staring Contest Enters Third Hour,17415
UC8-Th83bH_thdKZDJCrn88g,The Tonight Show Starring Jimmy Fallon,20252425,5068,10846858270,20,5,hnem1YA0RR4,249,News & Improved: White House Interns Take Group Photo,23448
UC8-Th83bH_thdKZDJCrn88g,The Tonight Show Starring Jimmy Fallon,20252425,5068,10846858270,636,108,7UYuFRDvNoo,12997,"Jimmy Geeks Out with Lin-Manuel Miranda and ""Weird Al"" Yankovic Over Hamilton and Music",779105
UC8-Th83bH_thdKZDJCrn88g,The Tonight Show Starring Jimmy Fallon,20252425,5068,10846858270,950,154,PUaB4o8xMvg,22810,"Lin-Manuel Miranda and Jimmy Fallon React to Weird Al's ""Hamilton Polka""",844999
UC8-Th83bH_thdKZDJCrn88g,The Tonight Show Starring Jimmy Fallon,20252425,5068,10846858270,1095,180,AlNWj8rSliw,31252,Lin-Manuel Miranda's Son Hates Hamilton but Loves Puerto Rico,1257001
UC8-Th83bH_thdKZDJCrn88g,The Tonight Show Starring Jimmy Fallon,20252425,5068,10846858270,632,47,yo9RZlQWsD4,12387,Internet Pop Quiz with Lin-Manuel Miranda,376164
UC8-Th83bH_thdKZDJCrn88g,The Tonight Show Starring Jimmy Fallon,20252425,5068,10846858270,463,88,ZmRw7mJuB0c,12693,Lin-Manuel Miranda Reacts to Cecily Strong's SNL Impersonation,952146
UC8-Th83bH_thdKZDJCrn88g,The Tonight Show Starring Jimmy Fallon,20252425,5068,10846858270,2911,614,X_E6_exp-iA,60383,"Wheel of Freestyle, Vol. 2 with Lin-Manuel Miranda",3274949
UC8-Th83bH_thdKZDJCrn88g,The Tonight Show Starring Jimmy Fallon,20252425,5068,10846858270,480,49,oF3shAC05Vc,13543,"Tales from Backstage: Lin-Manuel Miranda's Final ""Hamilton"" Performance",444504
UC8-Th83bH_thdKZDJCrn88g,The Tonight Show Starring Jimmy Fallon,20252425,5068,10846858270,334,110,-Z09yMczy2k,8675,J.J. Abrams Wrote Star Wars Cantina Band Music with Lin-Manuel Miranda,1167311
UC8-Th83bH_thdKZDJCrn88g,The Tonight Show Starring Jimmy Fallon,20252425,5068,10846858270,874,123,lkWR59-VRFI,22488,Lin-Manuel Miranda Freestyled Jimmy's Outgoing Voicemail Message,1695447
UC8-Th83bH_thdKZDJCrn88g,The Tonight Show Starring Jimmy Fallon,20252425,5068,10846858270,127,19,Y47HXjUQkpo,4737,"Tales from Backstage: Lin-Manuel Miranda in ""Hamilton""",272537
UC8-Th83bH_thdKZDJCrn88g,The Tonight Show Starring Jimmy Fallon,20252425,5068,10846858270,864,294,p-5wdH72PgU,26522,"Charades with Jamie Foxx, Taron Egerton and Zoey Deutch",2162601
UC8-Th83bH_thdKZDJCrn88g,The Tonight Show Starring Jimmy Fallon,20252425,5068,10846858270,770,200,JGJR-rIGjD0,13209,Jamie Foxx & Taron Egerton Talk About Robin Hood,953685
UC8-Th83bH_thdKZDJCrn88g,The Tonight Show Starring Jimmy Fallon,20252425,5068,10846858270,1571,1280,ssRaMYMmis8,34888,Jamie Foxx Roasted Mike Tyson to His Face,4893261
UC8-Th83bH_thdKZDJCrn88g,The Tonight Show Starring Jimmy Fallon,20252425,5068,10846858270,10089,2893,MOVOaGbbsTs,387977,Musical Genre Challenge with Jamie Foxx,16183427
UC8-Th83bH_thdKZDJCrn88g,The Tonight Show Starring Jimmy Fallon,20252425,5068,10846858270,129,89,I1Dxxdcidx0,3765,Jamie Foxx Gave Meredith Vieira Half of His Beard,523242
UC8-Th83bH_thdKZDJCrn88g,The Tonight Show Starring Jimmy Fallon,20252425,5068,10846858270,15232,5982,dGidYBqBHVw,503947,Wheel of Musical Impressions with Jamie Foxx,52464905
UC8-Th83bH_thdKZDJCrn88g,The Tonight Show Starring Jimmy Fallon,20252425,5068,10846858270,477,156,zXuQPn_yyXM,18604,Jamie Foxx Lays Down a Beat,2382100
UC8-Th83bH_thdKZDJCrn88g,The Tonight Show Starring Jimmy Fallon,20252428,5068,10846858270,195,97,r0gREX3bvDU,6229,Jamie Foxx Gave a High-Powered Dance Lesson,1310047
UC8-Th83bH_thdKZDJCrn88g,The Tonight Show Starring Jimmy Fallon,20252428,5068,10846858270,1379,454,_o8V7Eeh5DU,49126,Jamie Foxx Sings Unsexy Words Sexily,4671409
UC8-Th83bH_thdKZDJCrn88g,The Tonight Show Starring Jimmy Fallon,20252428,5068,10846858270,49808,7943,W4mmfzFazoI,558231,Jimmy Interviews the Biggest Boy Band on the Planet BTS,12180681
UC8-Th83bH_thdKZDJCrn88g,The Tonight Show Starring Jimmy Fallon,20252428,5068,10846858270,44558,15553,x5HUs5IxFc0,799772,BTS and Jimmy Fallon Do the Fortnite Dance Challenge,14859987
UC8-Th83bH_thdKZDJCrn88g,The Tonight Show Starring Jimmy Fallon,20252428,5068,10846858270,32193,8273,D_nyuB8GbM8,599194,"BTS Performs ""Idol"" on The Tonight Show",16709370
UC8-Th83bH_thdKZDJCrn88g,The Tonight Show Starring Jimmy Fallon,20252428,5068,10846858270,30159,3504,e4jR6VayWEI,522569,"BTS Performs ""I'm Fine"" on The Tonight Show",12033353
UC8-Th83bH_thdKZDJCrn88g,The Tonight Show Starring Jimmy Fallon,20252428,5068,10846858270,1911,773,9KmMsERsKBs,64858,BTS Gives a UN Speech,1204292
UC8-Th83bH_thdKZDJCrn88g,The Tonight Show Starring Jimmy Fallon,20252428,5068,10846858270,1699,1554,MlPd6zWjd_0,94586,Kevin Hart FaceTimes Dwayne Johnson While Co-Hosting The Tonight Show,7020973
UC8-Th83bH_thdKZDJCrn88g,The Tonight Show Starring Jimmy Fallon,20252428,5068,10846858270,232,156,RTLMmX-vDGk,13635,Co-Host Kevin Hart Roasts Jimmy Fallon During His Monologue,1298451
UC8-Th83bH_thdKZDJCrn88g,The Tonight Show Starring Jimmy Fallon,20252428,5068,10846858270,9827,7105,sH5z5DcxNus,371762,Jimmy Fallon and Kevin Hart Go Back to High School,22483694
UC8-Th83bH_thdKZDJCrn88g,The Tonight Show Starring Jimmy Fallon,20252428,5068,10846858270,593,343,myjXK3J81oU,16925,Kevin Hart Shows Off His Jerry Seinfeld Impression,1604741
UC8-Th83bH_thdKZDJCrn88g,The Tonight Show Starring Jimmy Fallon,20252428,5068,10846858270,171,116,qb83EZQhZBg,9464,Kevin Hart Surprises Jimmy with an Intimate Birthday Gift,749632
UC8-Th83bH_thdKZDJCrn88g,The Tonight Show Starring Jimmy Fallon,20252428,5068,10846858270,29156,13128,DO9U_XxN-Kc,432272,Kevin Hart Is Terrified of Robert Irwin's Animals,27157535
UC8-Th83bH_thdKZDJCrn88g,The Tonight Show Starring Jimmy Fallon,20252428,5068,10846858270,751,675,cxjPdrNVCug,44631,Slapjack Rematch with Kevin Hart,2727327
UC8-Th83bH_thdKZDJCrn88g,The Tonight Show Starring Jimmy Fallon,20252428,5068,10846858270,2483,1977,XKrV_JqZX1Q,64734,Name That Song Challenge with Blake Shelton,8588487
UC8-Th83bH_thdKZDJCrn88g,The Tonight Show Starring Jimmy Fallon,20252428,5068,10846858270,3622,3037,9QdaNUrq1EQ,80318,Name That Song Challenge with Jared Leto,8046991
UC8-Th83bH_thdKZDJCrn88g,The Tonight Show Starring Jimmy Fallon,20252428,5068,10846858270,3885,1898,0MPeg4xUTN0,93781,Name That Song Challenge with Pharrell Williams,9123991
UC8-Th83bH_thdKZDJCrn88g,The Tonight Show Starring Jimmy Fallon,20252428,5068,10846858270,1565,1019,jji35-wK0m8,55839,"Name That Song Challenge with Blake Lively, Carrie Underwood and Henry Golding",4747166
UC8-Th83bH_thdKZDJCrn88g,The Tonight Show Starring Jimmy Fallon,20252428,5068,10846858270,57,63,gSo6ZMNqgac,937,Tweets with Beats: Donald Trump's Space Force All the Way,50990
UC8-Th83bH_thdKZDJCrn88g,The Tonight Show Starring Jimmy Fallon,20252428,5068,10846858270,61,42,Qs4A1OADweo,1049,Tweets with Beats: Trump on Secret Cohen Tapes and Collusion,68056
UC8-Th83bH_thdKZDJCrn88g,The Tonight Show Starring Jimmy Fallon,20252428,5068,10846858270,49,76,3dfZzLAPdqE,995,Tweets with Beats: Trump Derangement Syndrome,38156
UC8-Th83bH_thdKZDJCrn88g,The Tonight Show Starring Jimmy Fallon,20252428,5068,10846858270,57,38,mBjAs8l63hM,1044,"Tweets with Beats: Trump Is Hurt by These ""Clowns and Losers""",44298
UC8-Th83bH_thdKZDJCrn88g,The Tonight Show Starring Jimmy Fallon,20252428,5068,10846858270,24,21,28KgYOfhhdU,796,Tweets with Beats: Trump Claims the Swamp Is Fighting Back,33518
UC8-Th83bH_thdKZDJCrn88g,The Tonight Show Starring Jimmy Fallon,20252428,5068,10846858270,29,38,NtP-8XxASgA,616,"Trump Campaigns in Vegas, Plus Tweets with Beats",42514
UC8-Th83bH_thdKZDJCrn88g,The Tonight Show Starring Jimmy Fallon,20252428,5068,10846858270,44,57,XOjkigN2jWo,984,Tweets with Beats ft. Common: Trump on Brett Kavanaugh,51711
UC8-Th83bH_thdKZDJCrn88g,The Tonight Show Starring Jimmy Fallon,20252428,5068,10846858270,41,34,ipNSUOB3i94,729,Trump's White House Chief of Staff Hunt,74942
UC8-Th83bH_thdKZDJCrn88g,The Tonight Show Starring Jimmy Fallon,20252428,5068,10846858270,357,302,nH0D8SKDWMw,4502,Trump News Network: Twitter War with Iran,236401
UC8-Th83bH_thdKZDJCrn88g,The Tonight Show Starring Jimmy Fallon,20252428,5068,10846858270,478,367,AEU57XM1gIc,6056,Trump News Network: Putin Summit,309118
UC8-Th83bH_thdKZDJCrn88g,The Tonight Show Starring Jimmy Fallon,20252428,5068,10846858270,1817,2311,QdpDIE8tTw8,17131,Donald Trump Unveils Trump News Network,1533170
UC8-Th83bH_thdKZDJCrn88g,The Tonight Show Starring Jimmy Fallon,20252429,5068,10846858270,522,370,kexEBxPSEDI,4919,Trump News Network: LeBron James and Enemies of the People,268351
UC8-Th83bH_thdKZDJCrn88g,The Tonight Show Starring Jimmy Fallon,20252429,5068,10846858270,347,238,0YWw8lT1-lE,4060,"Trump News Network: Omarosa's ""Unhinged"" Tell-All Memoir",316760
UC8-Th83bH_thdKZDJCrn88g,The Tonight Show Starring Jimmy Fallon,20252429,5068,10846858270,41177,16349,NaY91YjVbEM,926865,Musical Genre Challenge with Ariana Grande,47338582
UC8-Th83bH_thdKZDJCrn88g,The Tonight Show Starring Jimmy Fallon,20252429,5068,10846858270,9626,1896,BsjQqm60ZEI,272559,Dance Battle with the Stranger Things Kids,11388052
UC8-Th83bH_thdKZDJCrn88g,The Tonight Show Starring Jimmy Fallon,20252429,5068,10846858270,1958,1738,l864IBj7cgw,57952,Jennifer Lawrence Challenges Jimmy to an Axe Throwing Contest,5724343
UC8-Th83bH_thdKZDJCrn88g,The Tonight Show Starring Jimmy Fallon,20252429,5068,10846858270,2483,1977,XKrV_JqZX1Q,64734,Name That Song Challenge with Blake Shelton,8588487
UC8-Th83bH_thdKZDJCrn88g,The Tonight Show Starring Jimmy Fallon,20252429,5068,10846858270,8519,5780,QKxaxrxVMsg,218371,Google Translate Songs with Miley Cyrus,14424875
UC8-Th83bH_thdKZDJCrn88g,The Tonight Show Starring Jimmy Fallon,20252429,5068,10846858270,2111,1055,KeoPJEWoeO8,74280,Wheel of Impressions with Sarah Paulson,5226558
UC8-Th83bH_thdKZDJCrn88g,The Tonight Show Starring Jimmy Fallon,20252429,5068,10846858270,9290,6622,g693z6yy1rw,311233,Box of Lies with Cardi B,16259729
UC8-Th83bH_thdKZDJCrn88g,The Tonight Show Starring Jimmy Fallon,20252429,5068,10846858270,2505,1130,gj7BRMuB-n4,70320,True Confessions with Kate McKinnon and John Cena,6550951
UC8-Th83bH_thdKZDJCrn88g,The Tonight Show Starring Jimmy Fallon,20252429,5068,10846858270,2055,2763,R9YYmoJjBxI,35596,Fast Dance-Off with Jennifer Lopez,3917584
UC8-Th83bH_thdKZDJCrn88g,The Tonight Show Starring Jimmy Fallon,20252429,5068,10846858270,3141,1063,9fVot8fIX-o,136817,Search Party with Miley Cyrus and the Cast of Riverdale,6523998
UCPDXXXJj9nax0fr0Wfc048g,CollegeHumor,13290643,3345,6862456196,239,132,_qbmXeylA_0,2526,The RANK ROOM Returns [Trailer],113623
UCPDXXXJj9nax0fr0Wfc048g,CollegeHumor,13290643,3345,6862456196,373,289,3KdMVtusUOw,3982,A Tale of Two Evenings,117304
UCPDXXXJj9nax0fr0Wfc048g,CollegeHumor,13290643,3345,6862456196,672,162,RmFuiZuW_wM,2678,Bleep Bloop: New 8-bit Games,391216
UCPDXXXJj9nax0fr0Wfc048g,CollegeHumor,13290643,3345,6862456196,563,107,hDD7FZAaxUg,1938,Bleep Bloop: Left 4 Dead With Human Giant,274584
UCPDXXXJj9nax0fr0Wfc048g,CollegeHumor,13290643,3345,6862456196,516,67,9gP_pZVwpec,1879,Bleep Bloop: Designing the Perfect Avatar,290121
UCPDXXXJj9nax0fr0Wfc048g,CollegeHumor,13290643,3345,6862456196,451,68,ILpewYYfjIs,1520,Bleep Bloop: World's Largest TV,243859
UCPDXXXJj9nax0fr0Wfc048g,CollegeHumor,13290643,3345,6862456196,312,42,M5peqbAL6YE,959,Bleep Bloop: Comic-Con pt. 1,129174
UCPDXXXJj9nax0fr0Wfc048g,CollegeHumor,13290643,3345,6862456196,389,57,isJQzYlk5WA,957,Bleep Bloop: Comic-Con pt. 2,101400
UCPDXXXJj9nax0fr0Wfc048g,CollegeHumor,13290643,3345,6862456196,295,167,sXLDpQkmnPo,2083,Bleep Bloop Beer Pong,241069
UCPDXXXJj9nax0fr0Wfc048g,CollegeHumor,13290643,3345,6862456196,1001,165,1uDglb5kCvs,4463,Bleep Bloop: Girly Game Slumber Party,384697
UCPDXXXJj9nax0fr0Wfc048g,CollegeHumor,13290643,3345,6862456196,438,168,b-4hbfn5QNI,2312,"Bleep Bloop: Ninja Gaiden, Then & Now",219342
UCPDXXXJj9nax0fr0Wfc048g,CollegeHumor,13290643,3345,6862456196,465,116,61hInAzIl8U,1538,Bleep Bloop: Mega Man 22nd-ish Anniversary,167789
UCPDXXXJj9nax0fr0Wfc048g,CollegeHumor,13290643,3345,6862456196,1312,542,AwekYSVs0aU,8510,Hardly Working: Pet Peeves,1496111
UCPDXXXJj9nax0fr0Wfc048g,CollegeHumor,13290643,3345,6862456196,1588,321,oo2L2EqELE8,9599,Hardly Working: Phone Fight,1554606
UCPDXXXJj9nax0fr0Wfc048g,CollegeHumor,13290643,3345,6862456196,3410,812,lILCc6AZ10c,14130,Hardly Working: Cool English Teacher,1901425
UCPDXXXJj9nax0fr0Wfc048g,CollegeHumor,13290643,3345,6862456196,1155,469,lB6gJXP3LgQ,7311,Hardly Working: Phantom of the Office,1160151
UCPDXXXJj9nax0fr0Wfc048g,CollegeHumor,13290643,3345,6862456196,2270,254,ujauxisY2s8,9813,Hardly Working: My Bloody Valentine,1360667
UCPDXXXJj9nax0fr0Wfc048g,CollegeHumor,13290643,3345,6862456196,1381,452,XqX9jHpUgpY,8103,Hardly Working: Bored Games,982411
UCPDXXXJj9nax0fr0Wfc048g,CollegeHumor,13290643,3345,6862456196,1536,385,9kB7Byoe_Uo,11962,Hardly Working: You'll Never Guess,1565619
UCPDXXXJj9nax0fr0Wfc048g,CollegeHumor,13290643,3345,6862456196,1638,154,5JLHY_rE3H8,8265,Hardly Working: Last Week,1186398
UCPDXXXJj9nax0fr0Wfc048g,CollegeHumor,13290643,3345,6862456196,1598,394,qZ-CPTXlFK8,7389,All-Nighter Hardly Working: Dodgeball,1536811
UCPDXXXJj9nax0fr0Wfc048g,CollegeHumor,13290643,3345,6862456196,30324,16574,d7hzcLZ7uRc,340401,Guy Stuck in History Class,60315008
UCPDXXXJj9nax0fr0Wfc048g,CollegeHumor,13290643,3345,6862456196,11806,1639,eK71B6kr1uk,81844,Trying to Fall Asleep (POV),10097831
UCPDXXXJj9nax0fr0Wfc048g,CollegeHumor,13290643,3345,6862456196,8398,1799,xV--gIaYxGI,59182,Visiting a Friend,6359461
UCPDXXXJj9nax0fr0Wfc048g,CollegeHumor,13290643,3345,6862456196,5158,2386,ZAZH0DGHJ3c,48789,Double Rainbow Guy in Everyday Life,4747326
UCPDXXXJj9nax0fr0Wfc048g,CollegeHumor,13290643,3345,6862456196,4629,954,vD-XZr_LTPM,29789,POV: Rock Concert,3718635
UCPDXXXJj9nax0fr0Wfc048g,CollegeHumor,13290643,3345,6862456196,8615,5371,07GXQ-SP14E,90230,Dorm Bathroom,28744044
UCPDXXXJj9nax0fr0Wfc048g,CollegeHumor,13290643,3345,6862456196,10890,2707,UejWmvx1hR0,126982,Failing a Test,16559673
UCPDXXXJj9nax0fr0Wfc048g,CollegeHumor,13290643,3345,6862456196,13955,7069,IGuxnbh0ig4,129419,Girl Buys Condoms,22058927
UCPDXXXJj9nax0fr0Wfc048g,CollegeHumor,13290643,3345,6862456196,12140,6427,40npOyt_qBA,108575,Guy Buys Condoms,24476097
UCPDXXXJj9nax0fr0Wfc048g,CollegeHumor,13290643,3345,6862456196,1084,275,Pgt9EXV9s44,8594,Bombing on Stage for $1500,258398
UCPDXXXJj9nax0fr0Wfc048g,CollegeHumor,13290643,3345,6862456196,1492,1006,6zZ2LDUDmjI,17067,Locked in a Coffin for $1000,588525
UCPDXXXJj9nax0fr0Wfc048g,CollegeHumor,13290643,3345,6862456196,1590,826,nz84ou7Ihi0,22126,Would You Wear a Shock Collar for $750?,649612
UCPDXXXJj9nax0fr0Wfc048g,CollegeHumor,13290643,3345,6862456196,1843,216,wzQDifGMnPE,16901,"Leeches, Exes, and Loans [Full Episode]",531159
UCPDXXXJj9nax0fr0Wfc048g,CollegeHumor,13290643,3345,6862456196,1095,302,b9RoQvbKw7Q,9928,TOTAL FORGIVENESS: Grant and Ally's Fight to the Debt,553105
UCPDXXXJj9nax0fr0Wfc048g,CollegeHumor,13290643,3345,6862456196,2284,1061,fcUHYaKqWFc,30723,Full Benefits - Hook Up,5425257
UCPDXXXJj9nax0fr0Wfc048g,CollegeHumor,13290643,3345,6862456196,1577,361,IFKdrqOpFLI,19071,Full Benefits - Ditching Dan,2372176
UCPDXXXJj9nax0fr0Wfc048g,CollegeHumor,13290643,3345,6862456196,1323,229,9Vv7hdKflU0,14606,Full Benefits - Cover Up,1550025
UCPDXXXJj9nax0fr0Wfc048g,CollegeHumor,13290643,3345,6862456196,2282,273,gWxahTJmkAo,17382,Full Benefits - The Reveal,1636907
UCPDXXXJj9nax0fr0Wfc048g,CollegeHumor,13290643,3345,6862456196,2721,281,rGQWRs4O6ws,17548,Full Benefits - The Party,1872131
UCPDXXXJj9nax0fr0Wfc048g,CollegeHumor,13290643,3345,6862456196,1750,345,y9pV48rshFI,12286,The Run-In,1417530
UCPDXXXJj9nax0fr0Wfc048g,CollegeHumor,13290643,3345,6862456196,1038,168,Ufn8Dquc1Y0,11513,Full Benefits - The Break-Up,1472143
UCPDXXXJj9nax0fr0Wfc048g,CollegeHumor,13290643,3345,6862456196,1167,308,sUwSjJsoC84,11153,Full Benefits - Inside Jokes,1147977
UCPDXXXJj9nax0fr0Wfc048g,CollegeHumor,13290643,3345,6862456196,1800,507,oISLyJDe_ds,15290,Full Benefits - The Kiss,2194420
UCPDXXXJj9nax0fr0Wfc048g,CollegeHumor,13290643,3345,6862456196,2951,322,CAHlO-qKH_Q,13209,Full Benefits - The Next Step,1412705
UCPDXXXJj9nax0fr0Wfc048g,CollegeHumor,13290643,3345,6862456196,1544,290,QZaOIFmK-GQ,10934,Full Benefits - The Decision,1391556
UCPDXXXJj9nax0fr0Wfc048g,CollegeHumor,13290643,3345,6862456196,1181,198,CZ8BRYGoSaw,9780,Full Benefits - The Rumor,1309027
UCPDXXXJj9nax0fr0Wfc048g,CollegeHumor,13290643,3345,6862456196,1935,390,Sr9fvr-hxMg,15867,Full Benefits - Double Date,2028655
UCPDXXXJj9nax0fr0Wfc048g,CollegeHumor,13290643,3345,6862456196,2259,533,QXEAr5JQIE8,17594,Full Benefits - The Late Night,2439719
UCPDXXXJj9nax0fr0Wfc048g,CollegeHumor,13290643,3345,6862456196,1979,281,4OC4Dhdyck0,10996,Full Benefits - Dinner Party (Season Finale),1242321
UChM5Ff2yVeIZ16EWiB081cg,Reaction Time,12129371,1373,3559208404,8471,1375,QizM6ApcxdM,66734,Girl Gets Surgery To Look Like Snapchat Filter!,2056224
UChM5Ff2yVeIZ16EWiB081cg,Reaction Time,12129371,1373,3559208404,7901,492,mBu6e3uCBf4,30184,Meet The Tallest Girl In The World,1045579
UChM5Ff2yVeIZ16EWiB081cg,Reaction Time,12129371,1373,3559208404,16146,766,hlUMmYEjsrk,48139,Meet The Girl Allergic To The Cold,1711703
UChM5Ff2yVeIZ16EWiB081cg,Reaction Time,12129371,1373,3559208404,2372,239,TITMA0L9ht4,17373,80 Year Old Dates 20 Year Old Gold Digger,500311
UChM5Ff2yVeIZ16EWiB081cg,Reaction Time,12129371,1373,3559208404,6293,997,Ue25BGktlz0,42865,Meet The Man Who Has Uncontrollable Amount Of Loose Skin,1846171
UChM5Ff2yVeIZ16EWiB081cg,Reaction Time,12129373,1373,3559208404,2050,110,lXq6UsQH8sE,10865,This Man Swims With A Real Polar Bear (Bad Idea),252172
UChM5Ff2yVeIZ16EWiB081cg,Reaction Time,12129373,1373,3559208404,9766,1184,r4nCXF3_cgo,50382,Meet The Girl Who Lives As An Adult Baby,2121016
UChM5Ff2yVeIZ16EWiB081cg,Reaction Time,12129373,1373,3559208404,2605,327,T3BBUCPrS50,19881,Black Mother Freaks Out Over White Baby,502895
UChM5Ff2yVeIZ16EWiB081cg,Reaction Time,12129373,1373,3559208404,10127,933,boEX5ywdYWc,51922,Mom FAT SHAMES Daughter In Front Of Her FRIENDS!,1683690
UChM5Ff2yVeIZ16EWiB081cg,Reaction Time,12129373,1373,3559208404,8887,763,ul9aEBNjXgo,66769,Girl Wants To Be A Giraffe So Bad,1451244
UChM5Ff2yVeIZ16EWiB081cg,Reaction Time,12129373,1373,3559208404,1751,230,TEkC-_JwCfM,10478,Youtuber Gets Seduced By Hot Robot,219502
UChM5Ff2yVeIZ16EWiB081cg,Reaction Time,12129373,1373,3559208404,7927,603,UdgmXiofrz4,27563,Girl Sees Something Scary In Hot Tub,833500
UChM5Ff2yVeIZ16EWiB081cg,Reaction Time,12129373,1373,3559208404,7135,681,uetfw5bUQbo,33388,DEAR DAVID HAS BEEN SOLVED (Scariest True Ghost Story),1045547
UChM5Ff2yVeIZ16EWiB081cg,Reaction Time,12129373,1373,3559208404,6159,710,qzJ5XR7VTsw,36902,Girl Meets Guy Online - Creepiest Text Chat History (With Video),1321323
UChM5Ff2yVeIZ16EWiB081cg,Reaction Time,12129373,1373,3559208404,9539,412,kNSYCvJP6k0,30078,DON'T WATCH THIS VIDEO PAST 3 AM,843962
UChM5Ff2yVeIZ16EWiB081cg,Reaction Time,12129373,1373,3559208404,5839,790,I3XDY2ZKstE,35784,3 KIDS GO IN THE WOODS AND DISAPPEAR (Full Video),1630261
UChM5Ff2yVeIZ16EWiB081cg,Reaction Time,12129373,1373,3559208404,21904,5596,E5yGcVw-HWI,125493,The Ocean Is WAY Deeper Than You Think,6813157
UChM5Ff2yVeIZ16EWiB081cg,Reaction Time,12129373,1373,3559208404,7536,351,w2EtjIV2VFw,38996,HE FOUND DAVID THE GHOST!! WITH EVIDENCE (Photos + more),984522
UChM5Ff2yVeIZ16EWiB081cg,Reaction Time,12129373,1373,3559208404,7009,448,Ynp_RwEgTyU,29728,Unsolved Mysteries That Were Caught On Tape,895245
UChM5Ff2yVeIZ16EWiB081cg,Reaction Time,12129373,1373,3559208404,14221,431,jSqlPY0hrxc,35649,DAVID THE GHOST GOT IN HIS APARTMENT!! (Continued),1119713
UChM5Ff2yVeIZ16EWiB081cg,Reaction Time,12129373,1373,3559208404,6575,717,KaSOvYZuWZ4,34962,Hilarious Twitter Roasts By Wendy's (CLAPBACK TWEETS),1143249
UChM5Ff2yVeIZ16EWiB081cg,Reaction Time,12129373,1373,3559208404,2169,377,H7mnm_j8Jsw,25176,FUNNIEST TWEETS EVER FROM REALLY SMART PEOPLE,498742
UChM5Ff2yVeIZ16EWiB081cg,Reaction Time,12129373,1373,3559208404,3562,470,-dxHjKQCpWA,34135,Dumbest People Ever On The Internet,1095701
UChM5Ff2yVeIZ16EWiB081cg,Reaction Time,12129375,1373,3559208404,6745,2946,Kd97ex8oLNk,100739,People Who Got Called Out For Lying! (Part 2),7231439
UChM5Ff2yVeIZ16EWiB081cg,Reaction Time,12129375,1373,3559208404,1353,218,zz2vrPorALM,17508,Most Hilarious Tweets Of 2018,418854
UChM5Ff2yVeIZ16EWiB081cg,Reaction Time,12129375,1373,3559208404,2475,399,7cz4koEkHjg,38762,Most Hilarious Photoshop Troll Is Back!,1175956
UChM5Ff2yVeIZ16EWiB081cg,Reaction Time,12129375,1373,3559208404,7967,2024,nbyIu5FDYMU,80639,People Who Don't Get How Things Work!,4301594
UChM5Ff2yVeIZ16EWiB081cg,Reaction Time,12129375,1373,3559208404,54704,3265,TlcNNZlj7-Q,74120,"The Funniest ""Earth Is Flat"" Memes",4362822
UChM5Ff2yVeIZ16EWiB081cg,Reaction Time,12129376,1373,3559208404,1973,398,CgVCW0X9Q5Y,36653,Most Inappropriate Texts From Parents!,1393563
UChM5Ff2yVeIZ16EWiB081cg,Reaction Time,12129376,1373,3559208404,1221,144,Vt4mwrwwNYU,15483,HIlarious Tweets By Single People!,361209
UChM5Ff2yVeIZ16EWiB081cg,Reaction Time,12129376,1373,3559208404,6485,1765,Ui9cxQp6KUI,74487,Most AWKWARD Brother Sister Texts,2874358
UChM5Ff2yVeIZ16EWiB081cg,Reaction Time,12129376,1373,3559208404,5472,915,VVo0UJ1el9w,62187,Awkward TEACHER STUDENT Texts,2450018
UChM5Ff2yVeIZ16EWiB081cg,Reaction Time,12129376,1373,3559208404,6159,710,qzJ5XR7VTsw,36902,Girl Meets Guy Online - Creepiest Text Chat History (With Video),1321323
UChM5Ff2yVeIZ16EWiB081cg,Reaction Time,12129377,1373,3559208404,2111,344,8J4lpvCoomA,33811,FUNNIEST PREGNANCY TEXTS FAILS **Too Savage**,994847
UChM5Ff2yVeIZ16EWiB081cg,Reaction Time,12129377,1373,3559208404,5505,547,LQC5dRkO16k,37419,SLICK AF TEXTS THAT ACTUALLY WORKED (Hilarious),1197024
UChM5Ff2yVeIZ16EWiB081cg,Reaction Time,12129377,1373,3559208404,1746,285,5W5dTHeXAuM,33094,Awkward Text Message Fails,847294
UChM5Ff2yVeIZ16EWiB081cg,Reaction Time,12129377,1373,3559208404,3229,345,SXkzhQuGqw4,35921,Funniest Autocorrect Text Fails 2,1233846
UChM5Ff2yVeIZ16EWiB081cg,Reaction Time,12129377,1373,3559208404,3669,462,vBlkLb0Zn5c,46958,Funniest Sister Brother Text Fails!,1838691
UChM5Ff2yVeIZ16EWiB081cg,Reaction Time,12129377,1373,3559208404,2647,347,N-nEP1ob12o,41004,People Who Got Caught Cheating Over Text!,1487923
UChM5Ff2yVeIZ16EWiB081cg,Reaction Time,12129377,1373,3559208404,5548,758,u7wMCqbebLQ,66884,The Scariest Text Chat History (Final True Story),2161212
UChM5Ff2yVeIZ16EWiB081cg,Reaction Time,12129377,1373,3559208404,42028,8429,6OHwQGnF3d0,391641,Young Girl Sets Up 13 Year Old Boyfriend To See If He'll Cheat!,20546594
UChM5Ff2yVeIZ16EWiB081cg,Reaction Time,12129377,1373,3559208404,24369,5085,qbuGvu8uKnY,189209,Wife Catches Her Husband Cheating On Her!,12407246
UChM5Ff2yVeIZ16EWiB081cg,Reaction Time,12129377,1373,3559208404,10660,3069,14l7n-POt_U,137562,Personal Trainer Gets Touchy! (To Catch A Cheater),7302007
UChM5Ff2yVeIZ16EWiB081cg,Reaction Time,12129377,1373,3559208404,10864,2049,cdLJDB3jBWY,146485,Girlfriend Sets Up Her Military Boyfriend To See If He'll Cheat!,7253642
UChM5Ff2yVeIZ16EWiB081cg,Reaction Time,12129377,1373,3559208404,7972,1470,aeYsy3ApxV0,130757,Hilarious Texts Of Cheaters Getting Caught!,6581639
UChM5Ff2yVeIZ16EWiB081cg,Reaction Time,12129377,1373,3559208404,13473,2362,klvwxraqiuk,103412,Gold Digger Girlfriend Loves The Lambo (Exposed),6405876
UChM5Ff2yVeIZ16EWiB081cg,Reaction Time,12129377,1373,3559208404,6158,3229,f2w7qmm70tQ,65727,Boyfriend Sets Up Girlfriend To See If She'll Cheat!,4386240
UChM5Ff2yVeIZ16EWiB081cg,Reaction Time,12129377,1373,3559208404,10688,816,FMyxeYsGKuE,87505,The Funniest Revenge Photos On Cheaters,3883149
UChM5Ff2yVeIZ16EWiB081cg,Reaction Time,12129377,1373,3559208404,2647,347,N-nEP1ob12o,41004,People Who Got Caught Cheating Over Text!,1487923
UChM5Ff2yVeIZ16EWiB081cg,Reaction Time,12129377,1373,3559208404,3389,248,-kHPNb28mn4,24622,Girl Catches Unfaithful CHEATING BOYFRIEND With Hidden Cameras,763606
UChM5Ff2yVeIZ16EWiB081cg,Reaction Time,12129377,1373,3559208404,17032,2931,CzCqiI3ELvY,256473,Meet The World's Most Spoiled Teen (Insta Famous),4705749
UChM5Ff2yVeIZ16EWiB081cg,Reaction Time,12129377,1373,3559208404,13186,1707,UoSIpqn6zQc,51423,Spoiled Kids Reacting To Expensive Christmas Presents,2539921
UChM5Ff2yVeIZ16EWiB081cg,Reaction Time,12129377,1373,3559208404,3835,464,Kh1l8Ie2Jss,34836,SPOILED GIRL GETS PUT IN HER PLACE BY DR. PHIL,1502038
UChM5Ff2yVeIZ16EWiB081cg,Reaction Time,12129377,1373,3559208404,6395,690,k-0Nx08Y7OY,51310,MOST SPOILED RICH KID SNAPCHATS (This Needs To Stop),2192924
UChM5Ff2yVeIZ16EWiB081cg,Reaction Time,12129378,1373,3559208404,18839,1668,-nhCbf489Bc,76615,Gold Digger Gets A Nice Surprise When She Bumps Into Very Rich Guy,3143277
UChM5Ff2yVeIZ16EWiB081cg,Reaction Time,12129378,1373,3559208404,12976,716,p8hfksk1d24,44174,Spoiled Rich Girl Gets What She Deserves (Nicolette Gray),1693601
UChM5Ff2yVeIZ16EWiB081cg,Reaction Time,12129378,1373,3559208404,1635,170,FLFvj2MOIyk,16372,Homeless Man Goes From Poor To Rich,411682
UChM5Ff2yVeIZ16EWiB081cg,Reaction Time,12129378,1373,3559208404,3922,281,d-qvZ4ay1wI,25725,Rich People That Went Too Far!,802410
UChM5Ff2yVeIZ16EWiB081cg,Reaction Time,12129378,1373,3559208404,6823,443,2N7r_9xoTvw,23187,The Most Spoiled Girl On The Internet (Lil Tay),631157
UChM5Ff2yVeIZ16EWiB081cg,Reaction Time,12129378,1373,3559208404,3680,481,h-A4K1ipJqw,29138,Spoiled Kids Reacting To Christmas Presents,1021130
UChM5Ff2yVeIZ16EWiB081cg,Reaction Time,12129378,1373,3559208404,4734,393,bo7vWM_Kmvg,27410,The Ridiculous People Of Walmart Are Back,854390
UChM5Ff2yVeIZ16EWiB081cg,Reaction Time,12129378,1373,3559208404,2394,281,-7vjjhXyt1k,19914,The People Of Walmart - Doesn't Get Better Than This,606691
UChM5Ff2yVeIZ16EWiB081cg,Reaction Time,12129378,1373,3559208404,6997,1146,qR0mkm65Whk,51150,Worst Things That Happened At Walmart!,3684980
UChM5Ff2yVeIZ16EWiB081cg,Reaction Time,12129378,1373,3559208404,3336,397,1dbc8vT5Apw,36114,The People Of Walmart (Revisited),1210274
UChM5Ff2yVeIZ16EWiB081cg,Reaction Time,12129378,1373,3559208404,7035,692,D-DqVICJXBU,63507,Only At Walmart (Funny Fails),3507592
UChM5Ff2yVeIZ16EWiB081cg,Reaction Time,12129378,1373,3559208404,1627,75,nykhlfGSsq0,6659,People Who Flexed Too Hard And Failed,67300
UChM5Ff2yVeIZ16EWiB081cg,Reaction Time,12129378,1373,3559208404,2988,200,k2ecjbNa3SI,13061,The Vans Challenge Needs To Stop,246436
